A prod1,C prod1,D prod1,E prod1,F prod1,G prod1,H prod1,I prod1,J prod1,K prod1,L prod1,M prod1,K all,L all,L all ,prod1 customers
70036.54,573.37,11585,0,1362.34,2859.85,0,0,0,7292.18,0,0,967.26,0,0,420
41968.01,1556.45,11928,0,1363.6,3194.31,0,109883.76,0,8588.16,0,0,3783.22,0,0,564
59329.06,994.49,13531,0,1366.05,2749.46,0,85582.42,0,9405.34,0,0,3292.31,0,0,858
45301.69,1288.07,13825,0,1364.09,7265.09,0,49269.22,0,8645.77,0,0,2072.77,0,0,525
42308.56,766.85,11340,0,1375.64,7928.41,0,55132.35,0,8359.26,0,0,2181.83,0,0,540
25893.21,1833.65,13678,0,1373.75,7636.93,0,51487.8,0,9145.57,1157.17,0,2215.01,139.02,81.2,558
29941.24,1580.67,13300,0,1364.65,6113.03,0,46103.05,0,10467.17,1820.49,0,2296.42,175.63,123.2,627
43286.46,715.96,3941,0,1363.46,5381.04,0,44394.56,0,9658.74,1878.38,0,2165.24,201.11,126.21,663
41843.76,1253,3206,0,1370.11,2355.71,0,45957.8,0,8334.76,1817.27,0,2268.91,193.2,151.55,654
65419.34,716.38,3192,0,1365,2078.02,0,52169.67,0,7968.1,1962.8,0,2404.57,194.46,130.69,807
48830.25,933.66,4123,0,1377.6,8355.06,0,52798.55,0,8524.11,2435.23,0,2119.39,191.52,108.29,615
25861.29,1252.86,8120,0,3566.85,6535.76,0,44918.72,0,8458.17,2997.4,0,2005.78,202.65,114.1,501
21558.6,1110.62,8554,0,4196.64,5806.57,0,40800.62,0,8370.04,2877,0,2314.2,219.45,117.18,456
32597.81,1186.01,11396,0,4200.77,6072.15,0,36145.76,0,8349.53,3262.77,0,1569.82,169.68,142.03,537
41901.09,572.95,10556,0,4213.51,10736.88,0,37615.41,0,5613.02,3262.63,0,1610.42,171.01,144.55,588
29724.31,673.75,10556,0,4208.12,3168.2,0,38380.65,0,6462.12,3249.4,0,1558.13,240.73,152.11,594
55076.91,1371.51,9569,0,4210.01,2444.05,0,40378.17,0,6368.6,2982.42,0,1759.17,211.4,142.94,639
56785.47,1076.74,11060,0,4202.17,7462.98,0,48264.16,0,6940.15,3012.66,0,2093.07,215.32,113.75,642
56734.58,1170.47,11746,0,3728.55,11850.02,0,48532.47,0,6314.07,3006.71,0,1635.83,204.05,129.36,615
80897.81,1749.37,16093,0,2812.46,10544.38,0,42949.83,0,7322.98,3113.46,0,1553.09,209.23,106.54,621
89014.52,1119.02,17185,0,2134.51,11003.16,0,40661.18,0,7591.29,2937.13,0,1777.65,222.67,114.38,654
27785.45,1362.62,23373,0,2183.23,17167.5,0,37542.12,0,7558.88,3183.95,0,2258.41,197.96,87.29,642
67265.66,1354.22,17752,0,3094.14,4714.15,0,40734.82,0,7217.91,2963.24,0,2855.86,297.85,155.4,693
78990.38,1607.9,15036,0,2517.41,3833.83,0,47989.55,0,7848.05,2852.64,0,3248.77,258.79,148.54,888
54348.63,1337.91,16919,0,1303.05,19399.66,0,50413.65,0,9180.43,3346.14,0,2853.13,200.97,126,729
82352.55,1405.6,13958,0,1433.53,13829.55,0,51007.6,0,10076.71,0,0,2823.94,0,0,774
23646.98,1422.05,17885,0,1284.92,12521.18,0,44950.43,0,10675.28,0,0,2700.04,0,0,633
17913.91,2270.03,30086,0,1350.65,9015.72,0,44905.28,0,8580.46,0,0,2256.03,0,0,573
29293.95,1379.35,25690,0,1446.76,3437,0,44648.73,0,8335.11,2123.73,0,2091.46,138.11,51.03,615
26641.65,1606.78,20867,0,2075.01,748.51,0,42260.05,0,7914.55,2942.66,0,2112.6,214.34,81.34,567
46455.92,1959.37,21189,0,2287.11,715.89,0,43905.82,0,8424.78,2756.95,0,2409.47,243.74,109.55,708
36927.87,1900.22,10458,0,1233.68,4561.06,0,79629.06,0,8667.33,1931.09,0,2344.51,312.69,164.85,693
33514.74,1405.46,11683,0,1272.95,5018.02,0,62107.15,0,8958.04,2787.54,0,2166.85,375.69,177.24,633
47776.47,1942.43,13223,0,1239.98,4991.98,0,60970.91,0,8240.19,3357.97,0,2173.85,308.7,165.34,657
33357.8,1009.68,17339,0,976.43,5006.47,0,63875.84,0,7831.25,3068.45,0,2387.07,179.69,134.26,558
48226.57,1169.7,19852,0,1109.22,4784.5,0,58359.7,0,7325.92,2482.9,0,2174.41,220.5,114.24,573
24721.48,346.43,16982,0,1690.36,2706.34,0,65960.16,0,7970.97,2622.27,0,2671.69,229.32,149.66,492
50231.16,2019.08,18060,0,1096.83,2190.93,0,90155.59,0,7637.28,3011.05,0,3199.56,328.16,219.03,888
54792.64,1069.11,23114,0,318.29,9063.67,0,48031.06,0,7713.37,3311.7,0,2253.3,214.2,126.98,591
42854,1270.78,20174,0,492.45,6261.71,0,37319.59,0,6563.48,3080.49,0,2293.48,222.95,116.41,642
27852.86,1127.56,17612,0,416.78,4914.07,0,43169.63,0,5877.13,3515.05,0,1736.28,171.29,99.19,522
33671.54,850.5,13510,0,1011.5,4797.45,0,41897.03,0,5119.31,2968.42,0,1396.01,165.97,126.35,582
18366.53,741.65,9758,0,3036.6,5020.4,0,35964.53,0,5453.07,2771.02,0,1398.25,166.74,84.63,471
23970.38,993.3,8386,0,4070.08,2660.21,0,35813.05,0,5038.88,361.69,0,1434.23,22.12,20.16,366
15794.66,673.82,11088,0,3538.64,2236.64,0,42546.42,0,4357.57,2853.76,0,1574.09,184.59,110.74,390
46991.63,1750.63,15022,0,4266.08,6750.66,0,45720.5,0,6441.33,4077.22,0,1843.59,197.19,172.69,1014
38957.1,1270.15,14742,0,3478.72,7516.25,0,34198.43,0,6352.22,4452.56,0,1280.51,213.99,154.42,525
29889.44,1866.62,16926,0,3231.13,7022.96,0,35225.26,0,6686.82,5106.99,0,1130.71,186.34,114.1,504
23795.31,1018.08,20370,0,3025.26,6549.97,0,28463.96,0,6307.91,4573.38,0,924.14,167.44,116.9,438
15266.51,774.62,20776,0,3181.08,5767.65,0,25179.77,0,7071.61,4040.4,0,1079.61,133.56,112.07,513
13775.58,1816.01,19537,0,3770.48,1872.85,0,27426.7,0,5971.84,3694.25,0,1083.46,101.29,146.79,381
19452.16,1043.98,20034,0,3966.2,2339.96,0,40331.06,0,7126.14,3493.84,0,1146.95,155.12,132.72,465
23523.01,1438.15,23212,0,2495.43,5642.49,0,55389.25,0,7487.48,4265.31,0,1188.46,160.09,178.78,486
42964.18,1395.87,26208,0,2351.72,7709.52,0,48628.02,0,6330.1,4531.24,0,1134,202.86,147.56,441
42272.3,1211.28,21854,0,2457.63,10416.14,0,47157.32,0,5997.95,4492.11,0,1218.21,187.67,122.43,531
42769.58,1203.09,5586,0,2073.05,7839.16,0,50175.86,0,5381.95,4494.63,0,1034.67,168.14,115.92,444
31504.9,1296.96,6433,0,2257.99,7605.92,0,42414.61,0,4766.09,4060.91,0,1100.19,194.39,113.26,429
48515.25,581.49,22162,0,2773.54,3742.13,0,44617.93,0,5109.3,2920.68,0,1101.17,201.53,161.56,483
47341.07,858.76,29610,0,2669.66,3760.68,0,44131.99,0,5590.55,2862.58,0,970.06,200.76,124.46,570
50120.07,1935.01,52556,0,1620.01,6980.54,0,106148.35,0,5698.14,3287.62,0,1360.45,265.93,199.57,687
45724.7,657.44,10829,0,827.33,0,0,74476.15,0,5663.07,4109.14,0,1105.58,169.54,91.77,540
40325.95,1463.21,15246,0,0,4914.07,0,78853.18,0,6076.56,3414.18,0,1328.95,200.83,151.76,507
21078.82,1253.07,15967,0,0,11258.52,0,53908.82,0,10544.8,3643.85,0,1129.38,209.51,125.23,519
21621.6,1488.62,15561,0,0,6987.82,0,54029.71,0,6522.46,2954.7,0,1094.03,200.27,130.34,534
18407.97,1488.41,13916,0,0,4411.61,0,60237.1,0,5314.68,2667.49,0,1204.28,211.33,129.36,522
16247.56,942.55,13790,0,0,4106.41,0,59451.07,0,5372.85,2284.87,0,995.05,198.45,118.65,621
15791.09,1068.69,17136,0,0,7815.15,0,53155.83,0,4989.39,2743.72,0,1050.91,130.41,96.95,480
22697.01,993.72,16219,0,0,7192.57,0,51647.05,0,4769.45,2626.19,0,836.15,137.34,61.25,507
27521.97,993.93,17850,0,0,7003.15,0,35030.17,0,5023.06,2663.71,0,897.54,129.64,56.21,504
40346.95,1758.33,21973,0,0,7311.01,0,40947.34,0,5175.66,2679.11,0,988.12,159.95,63.7,549
47706.4,1017.94,18746,0,0,7855.4,0,42204.19,0,5629.12,2773.61,0,920.92,116.62,69.93,609
57403.5,1236.55,17360,0,0,3778.11,0,23898.49,0,4758.11,2644.18,0,661.22,73.99,66.22,510
56379.47,1464.47,18445,0,0,3679.76,0,38226.58,0,4513.11,2244.06,0,774.55,105.35,62.93,633
65094.47,2169.86,18228,0,0,8906.94,0,60952.57,0,6291.88,2557.94,0,1078.84,177.1,35.7,744
50272.18,1740.34,18788,0,0,7837.48,0,40501.51,0,5687.85,2326.87,0,805.56,138.88,94.78,483
39225.76,1320.76,17171,0,0,5816.23,0,43802.78,0,5335.68,2400.3,0,920.36,137.13,66.43,525
45083.15,1665.09,22484,0,0,6054.23,0,31644.97,0,4455.08,2221.87,0,880.88,154.56,57.89,501
39841.41,1296.4,24906,0,0,5036.01,0,33046.02,0,4527.81,2300.27,0,709.8,94.71,90.93,489
56049.63,615.02,23688,0,0,1760.29,0,21496.86,0,4766.3,1995.7,0,468.79,89.18,51.52,507
68799.99,783.58,24626,0,0,1914.01,0,34238.61,0,4452.49,2103.92,0,634.9,114.73,42.21,666
66946.95,1186.64,26481,0,0,6430.13,0,32600.61,0,5844.09,1910.65,0,767.55,131.11,45.5,459
76750.17,1077.23,26397,0,0,6026.65,0,34714.89,0,6333.25,2162.44,0,750.33,120.89,34.58,510
29147.44,1976.31,25214,0,0,5742.94,0,52270.26,0,5305.02,1976.59,0,825.58,124.46,42.42,534
73073.98,800.38,22673,0,0,7044.03,0,56209.58,0,4770.92,2104.9,0,882.42,127.82,51.17,579
83005.3,1514.03,17864,0,0,5328.96,0,39131.96,0,4774.28,1854.93,0,802.62,81.2,39.76,618
66599.4,1135.89,15162,0,0,2690.52,0,59775.87,0,4328.31,1761.41,0,651.77,74.83,35.42,438
57327.27,1597.68,15295,0,0,2178.26,0,39544.68,0,4119.36,1659.42,0,610.4,104.51,61.67,531
68658.59,2060.38,25627,0,0,6488.79,0,61374.32,0,6268.64,2089.36,0,943.25,154.7,87.15,663
76369.93,2145.5,23492,0,0,6414.1,0,60923.52,0,6004.74,1994.44,0,1005.76,143.01,56.21,942
92190.7,1768.06,11529,0,0,6334.23,0,52216.5,0,5659.57,2250.22,0,1025.57,135.73,74.62,855
93622.41,1178.17,7854,0,0,6107.01,0,46996.32,0,5038.6,2120.72,0,885.36,136.01,53.06,687
72297.68,1514.45,10892,0,0,0,0,43099.77,0,5472.32,1718.01,0,979.65,142.73,44.03,633
57253.77,1052.1,5908,0,0,0,0,48300.21,0,5540.15,1961.19,0,926.73,129.99,64.82,519
59169.32,1388.1,15064,0,0,0,0,49973.35,0,5280.31,1560.58,0,932.4,126.35,62.44,741
57526.49,1052.94,21105,0,0,0,0,54635.63,0,6988.52,2059.05,0,984.48,138.74,111.09,732
75201.35,1707.86,31927,0,0,4334.19,0,53416.3,0,6128.78,2032.73,0,908.32,126.77,67.27,912
39137.77,1052.87,20139,0,0,8209.25,0,48854.54,0,6044.57,2163.07,0,845.81,134.12,104.93,897
52128.93,1892.17,22918,0,0,5757.99,0,46692.8,0,4932.27,2156.49,0,923.02,114.31,92.05,714
44900.24,2060.52,21490,0,0,4693.64,0,37769.13,0,4962.58,2069.55,0,1024.45,161.98,82.6,651
57351.63,632.24,15169,0,0,3137.82,0,38001.46,0,5255.6,1683.15,0,1006.88,103.04,77,657
76217.47,1179.71,16345,0,0,3340.68,0,35654.08,0,5323.64,1724.94,0,1159.2,108.71,70.42,744
70791.35,2944.13,23002,0,0,7728.77,0,55257.09,0,6609.75,2207.52,0,1143.38,156.73,61.25,999
53265.45,1997.03,23100,0,0,6873.72,0,49811.09,0,6608.98,2120.86,0,991.97,141.33,53.13,624
70851.55,1640.03,21735,0,0,6851.11,0,46513.81,0,6156.57,2063.39,0,1050.21,137.27,42.56,624
61842.13,758.38,20426,0,0,6839.98,0,43749.02,0,6727.56,2191.42,0,1101.24,114.17,55.58,597
72460.57,866.81,16296,0,0,6433.28,0,41550.6,0,7218.19,1663.69,0,923.37,129.78,66.29,795
89786.9,1094.03,10507,0,0,3312.68,0,42822.22,0,6389.81,1684.9,0,553.91,70.07,40.53,678
88657.87,1473.43,18368,0,0,3097.22,0,39427.78,0,6081.74,1662.36,0,649.25,66.85,47.25,849
86082.57,1766.52,24164,0,0,7484.33,0,44494.03,0,8219.68,2013.69,0,803.39,119.14,49.07,783
77186.69,968.24,7007,0,0,7256.69,0,45483.97,0,7090.79,2195.2,0,827.05,155.75,51.17,795
86718.94,968.52,7343,0,0,7105.28,0,40455.59,0,6321.91,2134.93,0,744.8,141.89,55.86,804
56545.3,1010.17,11193,0,0,7112.14,0,40815.39,0,6575.03,1818.53,0,716.1,142.24,49.63,591
49838.18,1094.17,11809,0,0,5564.58,0,39356.17,0,6582.45,2447.62,0,807.73,131.46,55.02,624
65994.81,883.68,13720,0,0,2241.4,0,38678.78,0,6041.28,1885.24,0,657.65,105.35,69.44,594
120787.45,633.01,16842,0,0,2387.28,0,32671.66,0,6536.39,1831.9,0,628.67,130.97,50.12,957
129610.88,2524.27,20300,0,0,7292.32,0,60805.15,0,8739.85,2308.88,0,791.77,122.5,105.14,1197
119904.19,1766.52,17717,0,0,6622.7,0,66190.88,0,7117.67,2224.88,0,749.07,122.36,73.64,807
75577.53,1816.08,16198,0,0,5487.79,0,66028.27,0,6220.34,1814.89,0,790.51,147.7,46.69,777
60266.08,1161.72,10010,0,0,6790.98,0,63178.15,0,6484.1,2094.26,0,782.95,163.87,47.39,750
44157.4,1816.78,11774,0,0,5339.95,0,51957.36,0,6280.19,2076.69,0,716.03,79.59,57.12,699
41980.47,1119.02,13272,0,0,1902.25,0,53859.4,0,5441.38,2086.98,0,619.57,126.21,66.01,588
54014.59,858.76,3283,0,0,0,0,64834.07,0,5530.63,1961.12,0,678.3,104.44,51.1,768
63918.54,1002.12,8533,0,0,4128.53,0,43628.06,0,8831.69,2335.27,0,583.94,145.6,29.54,684
64431.64,1725.08,12579,0,0,9191.56,0,56208.46,0,9331.28,2082.92,0,773.85,101.01,47.67,876
64713.67,1447.53,11697,0,0,4770.92,0,54796.21,0,9997.82,2654.19,0,750.4,120.47,64.89,828
89178.04,1791.3,20811,0,0,5572.49,0,55579.3,0,9651.74,3003.98,0,693,104.51,35.77,741
96328.47,1774.57,22071,0,0,5567.59,0,46595.15,0,5550.02,2411.43,0,730.38,85.12,25.97,690
95772.95,850.08,19614,0,0,2564.8,0,41945.96,0,4282.6,1479.24,0,577.43,82.18,60.69,570
111690.11,2110.5,19334,0,0,2273.67,0,48011.18,0,4988.9,1847.09,0,554.12,74.2,60.06,963
130838.19,5220.39,22435,0,0,4766.65,0,37878.54,0,8730.47,1884.33,0,841.82,120.47,67.97,1014
108259.55,1943.13,25123,0,0,6111.14,0,38850,0,9195.69,2398.2,0,793.52,107.45,65.24,750
75950.35,471.66,24668,0,0,6081.74,0,36506.47,0,8049.79,2080.68,0,775.67,117.04,63.07,702
62251.07,1405.32,24983,0,0,5541.76,0,35999.11,0,8295.14,2124.64,0,654.99,79.45,56.14,639
63560.35,1136.38,22799,0,0,5656.77,0,30678.06,0,7941.71,2078.3,0,902.93,61.04,37.8,714
66909.36,514.43,18431,0,0,2471.28,0,30375.59,0,7094.5,2405.41,0,519.54,90.02,68.53,621
65467.5,691.32,18620,0,0,2555.42,0,33930.82,0,7367.36,1825.74,0,697.13,76.58,38.99,705
53287.57,1009.68,23513,0,0,4723.74,0,37705.5,0,8848.63,2666.44,0,806.26,90.16,44.31,672
48905.08,916.93,23254,0,0,6104.49,0,51394.84,0,7253.68,3158.68,0,890.96,125.86,42.91,579
46224.78,1212.05,22862,0,0,6542.76,0,54737.76,0,6811.07,2231.32,0,899.99,99.05,62.58,678
60366.95,850.85,21658,0,0,6837.32,0,61027.12,0,9043.16,2867.76,0,865.41,82.67,67.9,642
68561.71,1279.53,17689,0,0,5927.88,0,65746.17,0,9008.09,3131.66,0,891.38,93.66,56.77,657
70088.41,850.08,15120,0,0,2152.22,0,55903.4,0,7707.28,2652.79,0,801.22,96.6,41.3,555
57448.65,817.67,17178,0,0,2328.97,0,69381.69,0,6562.64,2423.89,0,923.51,46.06,40.32,678
32934.93,1127.07,20482,0,0,6850.69,0,61449.85,0,11497.78,3303.23,0,948.99,71.89,33.32,558
34675.06,2051.84,20041,0,0,6500.9,0,77623.77,0,7929.95,3085.32,0,904.12,64.68,32.97,735
44176.72,1362.97,20342,0,0,6285.72,0,61008.15,0,8106.77,1844.36,0,787.36,54.04,49.21,630
58514.4,1463.28,19467,0,0,5709.69,0,72570.12,0,10124.66,2367.19,0,714.14,57.26,44.94,585
42188.58,606.48,17976,0,0,5542.81,0,38848.04,0,6163.71,3008.25,0,644.14,73.36,41.65,576
43880.48,555.8,13734,0,0,1768.48,0,29805.23,0,5432.35,2401.84,0,522.62,21,43.75,468
48050.1,1001.63,14035,0,0,1849.33,0,32112.36,0,4624.48,2487.1,0,608.37,61.39,54.67,588
79168.11,15610.84,16345,0,0,2539.95,0,58638.09,0,8739.15,3044.51,0,1103.62,107.31,65.45,1020
48435.45,3328.99,23842,0,0,6669.18,0,56090.37,0,6063.82,3054.87,0,1034.25,91.28,50.96,765
49728.7,1430.17,5138,0,0,5191.41,0,66109.4,0,6321.49,3355.1,0,988.75,83.72,65.94,549
34947.85,1489.04,12194,0,0,5196.17,0,58459.87,0,7460.11,3725.12,0,922.04,94.99,41.23,642
30536.8,12421.08,16303,0,0,5134.36,0,69042.33,0,6321.14,3203.2,0,1011.36,108.22,43.4,651
44337.86,581.35,13790,0,0,5037.76,0,59892.14,0,6393.73,2891.77,0,790.72,100.31,50.4,561
50474.76,1220.17,16723,0,0,5124.14,0,81288.76,0,6076.77,2990.75,0,921.06,110.39,57.82,705
36709.89,765.87,23947,0,0,5213.88,0,75513.34,0,9451.68,3482.64,0,962.71,118.23,48.79,624
37377.27,1597.96,23338,0,0,3778.88,0,85614.76,0,6911.17,3635.17,0,752.78,108.36,59.29,711
29153.67,960.19,21735,0,0,5232.36,0,53128.74,0,5697.58,3230.22,0,729.68,76.23,59.01,645
39283.79,522.69,21805,0,0,5214.58,0,65514.05,0,6558.93,3113.18,0,786.31,70.49,30.52,504
64919.68,161.49,22547,0,0,4738.58,0,68338.69,0,5963.79,3031.21,0,955.92,67.13,24.64,630
95687.2,1211.28,15099,0,0,2439.71,0,70354.55,0,5297.6,2799.79,0,805.7,53.41,40.67,786
98875.14,413.91,15302,0,0,2235.45,0,140677.39,0,4652.97,2988.09,0,995.33,68.74,14,795
99718.29,741.09,21721,0,0,7519.68,0,42300.86,0,7125.86,3463.46,0,932.33,88.34,27.72,738
110488.91,233.38,21420,0,0,6460.37,0,83227.83,0,8047.97,3101.84,0,873.18,75.46,18.27,786
87904.11,1086.19,22204,0,0,6012.51,0,66480.61,0,8073.73,2894.64,0,923.44,63.35,47.18,726
76832.63,2404.5,21560,0,0,5971.77,0,97041.91,0,5814.48,3158.19,0,857.64,77.84,27.23,714
59459.26,1849.89,18277,0,0,5164.32,0,101940.16,0,5123.09,2938.46,0,932.47,86.1,35.28,714
21405.44,362.53,14994,0,0,1866.06,0,60444.02,0,4185.79,1948.45,0,539.28,74.27,23.73,450
30045.75,740.39,14812,0,0,1865.36,0,81404.33,0,4136.65,2168.18,0,764.33,59.57,27.86,411
62096.65,926.45,18879,0,0,6979.21,0,62307.49,0,6637.68,3206.28,0,874.16,84.28,17.85,858
68911.29,766.22,20468,0,0,6157.69,0,52565.94,0,5017.6,2902.69,0,751.03,70.98,31.08,534
37465.96,908.81,22029,0,0,6066.06,0,80059.28,0,4703.02,2468.76,0,971.04,59.29,22.68,558
30522.73,992.46,16345,0,0,5369.35,0,132969.41,0,5290.46,2230.83,0,946.96,61.74,35.91,498
42147.21,942.97,8288,0,0,4849.6,0,96906.53,0,4173.19,2009.42,0,989.73,69.02,40.53,603
42142.73,615.23,6993,0,0,1864.8,0,81804.31,0,4366.6,1881.53,0,732.34,52.64,22.47,540
42016.45,1757.14,7462,0,0,1701.84,0,134656.76,0,4549.51,2216.9,0,1122.03,67.69,39.83,660
29438.99,690.83,9086,0,0,6460.93,0,157967.04,0,6577.13,2971.22,0,1011.22,71.12,51.66,618
38593.31,808.85,6055,0,0,5269.74,0,158525.43,0,5033.56,2900.1,0,1131.55,73.57,30.03,609
27831.93,204.33,5586,0,0,5295.92,0,72112.95,0,4901.05,3240.93,0,810.74,57.96,30.31,444
14093.03,1345.05,6090,0,0,5134.92,0,54279.82,0,5617.01,2575.3,0,728,55.16,22.82,435
37467.57,1010.24,3409,0,0,4880.4,0,88891.32,0,5216.19,0,0,860.86,0,0,588
64169,741.02,6867,0,0,2987.95,0,83539.89,0,5461.47,0,0,901.25,0,0,621
62609.19,597.59,12726,0,0,1918.7,0,80822.07,0,4684.82,0,0,941.57,0,0,579
66295.67,766.08,16310,0,0,2327.22,0,77794.71,0,7592.27,0,0,1166.62,0,0,627
52711.12,2136.05,23156,0,0,7739.69,0,84396.62,0,6025.88,0,0,1179.01,0,0,747
28000,1607.48,23891,0,0,3858.47,0,130172.91,0,6171.13,0,0,1443.61,0,0,681
34906.97,976.71,23737,0,0,0,0,127563.94,0,6294.33,0,0,1396.99,0,0,549
22693.65,311.92,22148,0,0,0,0,126858.06,0,6202.98,0,0,1425.83,0,0,693
18704.28,1328.74,16632,0,0,0,0,69583.71,0,5924.17,0,0,1346.94,0,0,510
43910.09,741.44,16870,0,0,0,0,93981.3,0,5866.91,0,0,1625.47,0,0,687
35300.58,1127.42,21588,0,1066.38,4818.31,0,59245.13,0,8250.83,0,0,1273.44,0,0,642
34774.74,1127.63,19775,0,1118.32,13428.73,0,66143.14,0,5871.67,0,0,1155.84,0,0,651
35655.06,1555.68,22015,0,0,8357.44,0,57195.53,0,6279.49,0,0,1138.9,0,0,690
45489.15,1018.15,20391,0,0,6858.04,0,25880.47,0,6585.04,0,0,1081.85,0,0,627
52226.51,1010.73,20825,0,858.27,5967.64,0,21130.48,0,6158.6,0,0,1053.78,0,0,621
68039.37,531.58,17115,0,1467.9,2512.3,0,22658.16,0,6712.02,0,0,1013.32,0,0,585
75508.51,1053.43,18004,0,1472.52,2156.49,0,26878.67,0,6664.98,0,0,1119.44,0,0,741
77876.96,808.57,23667,0,1341.55,7442.82,0,48191.57,0,8587.18,0,0,1055.53,0,0,660
56172.76,1724.31,24157,0,2033.43,6951.42,0,57453.76,0,6113.1,0,0,1130.43,0,0,852
68814.76,783.37,20944,0,3602.62,6800.92,0,56709.94,0,5969.18,0,0,1142.33,0,0,798
91667.1,1657.39,18851,0,3803.87,6469.68,0,56676.97,0,6633.9,0,0,1151.36,0,0,711
89728.59,1455.23,18900,0,3689.98,5700.52,0,52524.01,0,7060.06,0,0,1117.62,0,0,684
57989.82,623.21,15316,0,3701.95,1207.22,0,53418.33,0,5959.66,0,0,991.13,0,0,522
66236.03,876.19,17899,0,3710.7,1971.55,0,63082.25,0,6087.06,0,0,1327.55,0,0,645
49816.9,767.41,18403,0,3853.01,7490.98,0,60530.68,0,8900.01,0,0,1270.43,0,0,606
32792.97,1286.46,22197,0,3842.86,6435.31,0,72057.16,0,6437.55,0,0,1170.19,0,0,573
25062.03,909.09,24745,0,3834.18,6235.11,0,65986.48,0,6893.74,0,0,1104.74,0,0,531
53162.13,707.21,20188,0,6074.11,7152.88,0,68711.37,0,7212.38,0,0,969.36,0,0,531
56823.55,237.79,19131,0,6357.26,6510.63,0,64376.76,0,7102.83,0,0,1105.09,0,0,588
36728.86,732.34,17143,0,6155.45,2912.98,0,61363.47,0,7372.96,0,0,1132.88,0,0,552
55321.07,1086.47,13944,0,7736.12,2552.69,0,75191.48,0,6517.35,0,0,1545.11,0,0,825
57950.2,1052.52,2842,0,5796.63,5002.76,0,58016.42,0,8820,0,0,1351.7,0,0,681
43868.37,1463.77,10990,0,1785.63,5094.39,0,68035.59,0,6930.35,0,0,1299.55,0,0,597
48455.26,530.39,8589,0,1044.19,5127.22,0,53049.08,0,6436.36,0,0,1098.65,0,0,498
69144.39,497.21,12684,0,10.78,5244.19,0,57734.88,0,6970.25,0,0,1203.3,0,0,513
94864.7,723.59,13671,0,1614.76,4877.95,0,62899.48,0,5378.45,0,0,1224.02,0,0,558
78255.66,741.02,13405,0,1690.43,2471.14,0,40801.81,0,5316.29,0,0,975.87,0,0,744
107760.1,1169.14,14581,0,1708.63,2208.99,0,45612.35,0,5213.25,0,0,1288.77,0,0,639
132995.31,665.77,20489,0,1690.64,6984.53,0,54137.23,0,7648.62,0,0,1234.94,0,0,621
121300.13,1834.84,20083,0,1575.63,6202.56,0,62159.3,0,5417.23,0,0,1256.43,0,0,894
110799.64,884.8,23765,0,1533.63,5593.14,0,54087.11,0,5502.21,0,0,1321.81,0,0,639
124170.06,597.52,22358,0,1159.27,5356.96,0,52714.13,0,5740,0,0,1335.18,0,0,624
80181.92,892.22,23905,0,1189.58,5259.38,0,51063.67,0,5917.8,0,0,1239,0,0,543
91193.2,547.4,21581,0,2993.27,2377.2,0,35937.65,0,6100.08,0,0,1391.18,0,0,519
114920.33,1194.2,22162,0,2918.93,2272.13,0,40167.26,0,5368.23,0,0,1649.62,0,0,699
76564.11,589.33,25837,0,2883.23,7282.1,0,45498.11,0,6748.35,0,0,1163.75,0,0,567
84964.18,1279.53,28014,0,2766.47,6264.93,0,56174.09,0,5160.75,0,0,1623.72,0,0,630
79057.37,640.01,23576,0,1677.9,7018.13,0,54428.22,0,5415.34,0,0,1577.45,0,0,594
67983.65,565.04,20783,0,985.18,4262.86,0,49915.95,0,6100.43,0,0,1086.68,0,0,573
100961.7,320.95,19593,0,2688.7,5680.43,0,53415.04,0,5473.65,0,0,1224.93,0,0,714
81687.55,572.81,16513,0,3062.01,1954.54,0,42576.94,0,5263.65,0,0,1177.26,0,0,483
98168,581.42,22799,0,3429.79,2628.01,0,48001.17,0,4982.6,0,0,1424.71,0,0,612
58302.37,757.75,25480,0,3112.83,8301.3,0,66856.02,0,8199.31,0,0,1406.58,0,0,567
52404.66,968.1,24689,0,2478.84,6699.35,0,57185.59,0,5347.02,0,0,1226.68,0,0,666
48179.25,1052.31,23261,0,2372.65,8245.3,0,53076.1,0,5583.76,0,0,1075.83,0,0,603
43242.85,842.03,23639,0,4073.02,7843.85,0,64171.73,0,5248.81,0,0,1024.31,0,0,546
40467.7,926.1,22260,0,4333.07,6039.53,0,50249.92,0,5612.25,0,0,1007.51,0,0,558
44931.32,714.98,16352,0,4165.63,2495.92,0,55840.89,0,5380.69,0,0,918.12,0,0,155
52702.37,715.54,17941,0,4703.09,2273.18,0,61847.8,0,5126.24,0,0,1238.65,0,0,190
34492.78,757.61,19943,0,2467.22,8521.24,0,96927.46,0,6685,0,0,1253.28,0,0,164
35486.29,1513.61,25074,0,970.76,6282.08,0,91436.38,0,5558.49,0,0,962.99,0,0,209
47908.91,589.75,15589,0,1134.35,5116.72,0,66699.85,0,5795.16,0,0,1190.21,0,0,211
56125.16,842.31,7749,0,3415.3,4951.8,0,62645.31,0,5642.63,0,0,918.68,0,0,181
71623.16,1136.17,18725,0,2422.35,4819.15,0,66282.93,0,5110.98,0,0,967.68,0,0,195
63385.49,1261.4,16408,0,2384.76,2112.25,0,69853.07,0,5763.03,0,0,1074.36,0,0,202
65269.47,631.54,18977,0,2276.54,1964.76,0,77779.1,0,5741.26,0,0,1327.62,0,0,170
62264.23,1345.68,23156,0,4231.22,2472.96,0,70030.1,0,7169.26,0,0,1370.88,0,0,225
58932.37,1387.68,29442,0,2212.63,9200.8,0,68925.57,0,6115.34,0,0,1330.91,0,0,232
95218.41,1346.03,28777,0,2327.71,5531.75,0,59625.58,0,5000.8,0,0,1173.76,0,0,207
61544,1177.47,27160,0,1778.49,5862.78,0,63851.48,0,5377.4,0,0,1135.05,0,0,196
64924.3,673.54,22316,0,4015.06,5488.56,0,70925.19,0,4988.27,0,0,1287.3,0,0,196
83654.55,337.47,17633,0,6870.36,2240.42,0,56514.57,0,5576.27,0,0,1126.02,0,0,194
63109.62,1010.8,21560,0,6964.58,1922.62,0,57939.49,0,5199.6,0,0,1024.87,0,0,261
68096.91,1009.68,28084,0,6671.21,6954.71,0,63497.07,0,6434.54,0,0,1128.47,0,0,203
75992.14,1305.43,22120,0,6294.68,5573.68,0,70837.41,0,5091.87,0,0,1059.03,0,0,239
72201.57,1220.45,23065,0,5085.01,6427.47,0,62708.66,0,5322.87,0,0,1077.02,0,0,228
80386.11,841.75,18872,0,5370.33,6046.04,0,60228.49,0,4200.49,0,0,897.82,0,0,206
83464.43,757.54,17703,0,5097.05,4540.34,0,58927.26,0,2774.59,0,0,1038.31,0,0,230
53033.33,1261.68,18501,0,6000.47,1513.82,0,49703.15,0,3375.61,0,0,883.19,0,0,179
95557,1178.17,24465,0,6212.92,1284.29,0,58234.54,0,3480.96,0,0,1021.09,0,0,269
69533.45,1127.21,31024,0,2617.58,4832.73,0,71298.15,0,3248.14,0,0,980.42,0,0,198
105759.01,1136.1,24479,0,306.25,4440.94,0,73461.36,0,2558.5,0,0,1275.47,0,0,175
35821.1,1572.76,26691,0,104.09,5380.69,0,55669.81,0,3043.6,0,0,994.91,0,0,154
55532.61,2336.88,18795,0,194.6,5622.89,0,71018.99,0,2788.52,0,0,820.89,0,0,183
95580.94,1010.03,22246,0,725.13,2653.7,0,56150.64,0,2863.07,0,0,911.19,0,0,171
104778.31,1345.47,21434,0,1215.41,1505.91,0,51375.45,0,3164.42,0,0,760.34,0,0,182
141786.75,1708.98,21973,0,1564.15,1256.08,0,59602.83,0,3671.64,0,0,1097.6,0,0,305
78949.01,1438.01,29757,0,909.02,4808.09,0,105409.5,0,3121.79,0,0,1152.34,0,0,249
49671.65,1942.57,32123,0,2427.74,4330.48,0,104469.47,0,3309.95,0,0,1000.16,0,0,224
52111.01,875.63,31920,0,2260.09,6368.18,0,119225.75,0,2975.63,0,0,1242.15,0,0,229
47682.88,1345.75,33481,0,2213.75,7820.61,0,93541.21,0,3182.27,0,0,1096.55,0,0,225
84308.63,556.78,45493,0,2255.54,8171.73,0,85630.44,0,3122.84,0,0,1272.95,0,0,260
158029.06,1312.57,1652,0,5372.5,2766.89,0,96235.44,0,3347.96,0,0,1186.36,0,0,330
130474.89,766.71,1547,0,5243.42,2368.1,0,117667.55,0,3083.43,0,0,1357.86,0,0,331
80859.03,1102.36,15197,0,3111.99,9073.12,0,67857.51,0,2958.9,0,0,1172.15,0,0,286
63854.77,1186.57,27608,0,3130.68,6817.51,0,106873.76,0,2291.17,0,0,898.8,0,0,248
62696.83,1363.32,31115,0,2931.81,8235.85,0,90007.89,0,2433.62,0,0,1002.47,0,0,201
81170.53,262.15,26516,0,3295.53,9532.46,0,95724.02,0,2727.55,0,0,1061.9,0,0,199
95680.69,1077.09,28448,0,3145.66,7511.14,0,81483.64,0,3271.52,0,0,1120.77,0,0,227
63053.27,1370.88,23737,0,3478.72,2124.22,0,76714.4,0,3193.75,0,0,1053.99,0,0,211
82245.94,926.87,23982,0,2715.79,1935.92,0,104605.2,0,2961.98,0,0,1447.04,0,0,300
55053.81,1379.91,29029,0,2486.54,7624.54,0,78594.67,0,2566.62,0,0,1210.02,0,0,240
102101.3,984.55,26656,0,2728.95,9082.29,0,92195.6,0,3205.65,0,0,882.56,0,0,260
110284.58,279.02,32781,0,5152.77,7536.34,0,77698.11,0,3864.77,0,0,1255.24,0,0,231
78274.42,1245.44,27622,0,5494.93,8164.1,0,78620.01,0,3925.39,0,0,1134.28,0,0,214
125031.06,934.71,28378,0,5963.16,7213.57,0,82360.25,0,3343.62,0,0,1031.24,0,0,242
133068.25,1799.21,20440,0,6367.9,1535.1,0,79271.22,0,3882.34,0,0,1006.39,0,0,236
130276.3,2489.06,26530,0,6413.61,1507.66,0,92602.93,0,4139.45,0,0,1354.5,0,0,288
101842.02,1429.68,30450,0,3835.23,7358.12,0,75746.51,0,3852.66,0,0,1464.33,0,0,278
138914.65,1405.53,31262,0,1064.91,8311.24,0,78868.79,0,3521.28,0,0,1066.1,0,0,259
80073.91,833.49,38269,0,652.4,7905.94,0,74369.54,0,3451.77,0,0,1280.58,0,0,203
80696.14,1362.83,31661,0,1352.12,8592.29,0,89131,0,3422.93,0,0,1297.17,0,0,217
99381.73,934.15,28966,0,1290.17,7989.66,0,79966.67,0,3087.84,0,0,1551.2,0,0,205
54758.34,984.48,22519,0,2198.42,1656.06,0,84362.81,0,2854.25,0,0,1298.22,0,0,207
153635.44,1177.61,24899,0,2205.98,1372.77,0,101814.16,0,4042.99,0,0,1694.21,0,0,297
107122.26,2001.44,29953,0,709.94,4791.64,0,40631.92,0,3423.7,0,0,1483.16,0,0,267
64918.98,2270.38,36008,0,563.22,6186.53,0,70888.72,0,3295.11,0,0,952.91,0,0,234
58873.92,581.7,34160,0,511.35,8487.01,0,64691.97,0,3122.35,0,0,1262.66,0,0,224
106591.17,775.11,27734,0,539.84,8912.19,0,65519.51,0,3277.89,0,0,1239.84,0,0,212
97081.74,430.22,40509,0,498.96,7911.19,0,55382.81,0,2216.9,0,0,1258.88,0,0,204
75443.69,1219.33,41223,0,525.14,1924.16,0,70391.02,0,3032.89,0,0,1496.81,0,0,217
107716.56,1177.89,41720,0,499.87,1405.32,0,71605.1,0,2759.96,0,0,1793.61,0,0,279
57959.02,884.17,40439,0,550.55,9395.68,0,5054,0,2442.65,0,0,998.55,0,0,153
99840.44,918.68,37331,0,1348.27,5436.48,0,128903.95,0,2988.3,0,0,1520.26,0,0,241
110637.24,1211.7,28420,0,1706.39,7091.7,0,101155.46,0,3311.56,0,0,1869.42,0,0,291
87562.16,1077.3,36470,0,1898.4,11379.06,0,102253.55,0,3498.67,0,0,1900.43,0,0,267
87560.83,1883.77,11333,0,1894.76,5236.56,0,109557.7,0,2895.62,0,0,1657.25,0,0,298
95294.15,2462.67,20286,0,0,2245.6,0,102108.93,0,2777.32,0,0,1262.94,0,0,248
66447.64,1228.22,17374,0,2049.88,2279.06,0,128852.64,0,2704.24,0,0,1314.46,0,0,279
92347.85,1942.71,24619,0,1956.22,6581.75,0,12236,0,2602.81,0,0,1358.7,0,0,243
137009.04,808.71,19957,0,3216.43,5001.36,0,13599.25,0,2245.18,0,0,1227.87,0,0,254
38625.65,1085.63,25837,0,3546.2,7017.92,0,16226,0,2172.66,0,0,1197.35,0,0,199
21700.7,1285.97,25137,0,3517.08,7910.35,0,16126.25,0,2553.67,0,0,1299.62,0,0,217
58074.38,782.95,25984,0,4609.22,5478.55,0,61294.03,0,2667.63,0,0,1357.02,0,0,225
54197.08,1412.74,23170,0,0,2135.56,0,53644.08,0,3054.38,0,0,1079.82,0,0,207
105414.61,1422.05,26432,0,4836.16,1832.04,0,60906.09,0,3362.17,0,0,1047.41,0,0,256
92119.93,1724.03,39984,0,4532.15,8680.98,0,33357.8,0,3266.48,0,0,1193.71,0,0,212
66950.31,1565.41,35602,0,1743.35,7906.64,0,49572.95,0,2701.02,0,0,980.77,0,0,294
49970.69,2941.82,27804,0,1482.46,7466.27,0,53470.34,0,3196.2,0,0,1365.21,0,0,220
64432.34,1547.63,19117,0,4389.42,7689.5,0,31815.35,0,3288.81,0,0,1248.03,0,0,212
70018.69,472.43,7854,0,1148.63,7880.67,0,46720.24,0,2951.62,0,0,1186.85,0,0,216
84892.57,1370.81,4515,0,0,2106.58,0,51749.67,0,2692.97,0,0,1531.95,0,0,193
146811.07,1623.79,6293,0,0,1803.13,0,47013.05,0,3045,0,0,1389.99,0,0,292
47822.04,1018.36,11060,0,0,7990.78,0,28041.72,0,2461.27,0,0,789.25,0,0,166
23118.27,808.29,18298,0,0,8109.22,0,49849.1,0,2153.41,0,0,754.81,0,0,135
21599.97,328.51,18466,0,0,3839.64,0,53034.8,0,1869.49,0,0,1117.27,0,0,148
20434.96,25.83,13482,0,0,1460.13,0,0,0,1177.47,0,0,366.17,0,0,72
26176.36,725.06,17801,0,0,2039.31,0,63753.97,0,2058.07,0,0,1034.18,0,0,189
35315.7,1572.97,25200,0,0,1061.34,0,66497.34,0,2241.54,0,0,1244.25,0,0,186
40735.59,1833.44,29288,0,0,1048.32,0,69830.95,0,3063.76,0,0,1247.54,0,0,221
23669.73,1934.45,27944,0,0,4131.47,0,0,0,2286.9,0,0,809.62,0,0,182
27352.15,909.72,18438,0,0,9629.62,0,0,0,2442.86,0,0,748.44,0,0,170
40856.62,1774.57,31122,0,0,11005.33,0,0,0,2790.34,0,0,886.41,0,0,200
45404.52,968.45,21245,0,0,3981.88,0,48699,0,2845.5,0,0,926.73,0,0,207
35450.17,1665.51,19439,0,0,4109.21,0,44450.14,0,3011.4,0,0,842.94,0,0,171
10426.85,1119.02,16184,0,0,2204.58,0,48327.51,0,2590.07,0,0,903.21,0,0,180
22443.75,1631.21,17353,0,0,2376.22,0,50751.33,0,2781.31,0,0,964.53,0,0,171
23529.31,2840.74,20538,0,0,5665.24,0,40565.49,0,2664.97,0,0,773.71,0,0,177
23899.33,808.43,16730,0,0,3781.19,0,40473.37,0,2343.6,0,0,887.11,0,0,169
31147.06,1059.66,17997,0,0,3630.2,0,39617.2,0,2958.48,0,0,978.18,0,0,169
34823.39,1252.93,14805,0,0,3703.14,0,40214.3,0,2396.94,0,0,895.37,0,0,153
41010.55,976.08,17150,0,0,3085.53,0,40343.8,0,2346.12,0,0,844.9,0,0,188
20065.64,261.52,14693,0,0,1692.6,0,43875.09,0,2817.5,0,0,922.46,0,0,146
28841.33,799.05,16443,0,0,1870.82,0,46851.98,0,3063.48,0,0,1053.22,0,0,179
31212.93,749.63,19005,0,0,6341.79,0,0,0,3327.24,0,0,735.91,0,0,158
29194.69,1497.09,15372,0,0,4407.62,0,0,0,2928.59,0,0,717.92,0,0,172
26171.18,1371.79,18809,0,0,3456.74,0,0,0,2823.45,0,0,674.31,0,0,147
28778.75,850.64,22064,0,0,3581.13,0,0,0,2218.37,0,0,550.2,0,0,169
28674.73,1202.88,21469,0,0,4076.45,0,0,0,2325.61,0,0,641.69,0,0,124
22771.91,362.46,13461,0,0,1215.34,0,0,0,2092.44,0,0,653.45,0,0,111
26325.53,1093.54,12124,0,0,1407.35,0,0,0,2215.5,0,0,625.24,0,0,123
30477.51,615.02,11074,0,0,2225.79,0,0,0,2174.97,0,0,692.37,0,0,150
33246.43,1295,9989,0,0,3705.59,0,0,0,2115.4,0,0,520.66,0,0,125
31746.54,968.24,10626,0,0,2857.82,0,0,0,2464.42,0,0,590.52,0,0,98
45742.97,824.46,10689,0,0,3358.95,0,0,0,1981.56,0,0,451.01,0,0,114
16839.76,546.77,6398,0,0,3600.17,0,0,0,1637.44,0,0,424.69,0,0,85
13233.5,798.42,5607,0,0,1808.45,0,0,0,1102.5,0,0,398.16,0,0,46
14172.06,782.04,3325,0,0,1688.75,0,0,0,1158.71,0,0,340.55,0,0,56
55887.37,782.95,9513,0,0,2124.57,0,31019.66,0,2564.59,0,0,971.32,0,0,196
51218.58,1178.03,8834,0,0,5362,0,30995.37,0,3260.11,0,0,907.97,0,0,151
31729.18,2648.03,12432,0,0,4970.49,0,30239.09,0,2996.63,0,0,1135.68,0,0,171
18903.01,1010.17,16443,0,0,5280.1,0,30535.05,0,2661.61,0,0,1002.82,0,0,178
8400,1119.37,41713,0,0,4511.57,0,30834.23,0,2861.46,0,0,950.81,0,0,151
18200,1589.7,41538,0,0,2345.35,0,32570.3,0,2510.41,0,0,1141,0,0,164
128444.75,2723.63,19796,0,0,0,0,33173.28,0,5534.55,0,0,1357.02,0,0,269
110859.42,2464.77,24619,0,0,11190.06,0,43322.79,0,8972.53,0,0,1318.45,0,0,294
93789.64,1566.6,27741,0,0,12435.92,0,47684.28,0,10455.83,0,0,1280.16,0,0,307
138289.97,2077.6,29330,0,1359.75,12812.8,0,33577.81,0,9916.13,0,0,1550.22,0,0,302
95754.54,2262.19,32991,0,709.59,9702.49,0,39973.71,0,10470.74,0,0,1301.72,0,0,293
107715.37,1220.38,33502,0,698.25,8038.73,0,46057.83,0,9143.96,0,0,1472.52,0,0,298
92026.55,1758.12,24374,0,2.52,3298.05,0,80549.14,0,10923.08,0,0,1892.1,0,0,299
91658.49,1724.94,26019,0,0,2580.55,0,54291.65,0,12679.1,0,0,1805.72,0,0,324
125250.16,1682.66,33992,0,0,14452.13,0,54297.18,0,11160.73,0,0,1343.65,0,0,290
47903.03,1530.27,34517,0,0,12323.08,0,64626.38,0,10508.82,0,0,1271.83,0,0,235
69467.79,2186.66,33453,0,0,8360.38,0,54573.75,0,11353.86,0,0,1483.72,0,0,270
70243.25,1833.58,31808,0,0,8538.67,0,57489.04,0,9980.04,0,0,1357.23,0,0,241
110611.34,1959.37,29876,0,0,7157.71,0,52901.66,0,7844.2,0,0,1518.44,0,0,277
135621.29,1673.56,21812,0,0,3395.84,0,46560.64,0,8657.74,0,0,1702.26,0,0,261
160256.04,1825.18,24157,0,0,2615.83,0,48552.28,0,8710.87,0,0,1782.69,0,0,302
128251.48,1682.66,32193,0,0,8015.98,0,32725.7,0,10178.49,0,0,1235.92,0,0,282
109576.32,388.36,30247,0,3185.28,9299.64,0,33832.68,0,9622.83,0,0,1138.06,0,0,252
61068.77,1010.24,27916,0,5275.48,8904.21,0,31329.76,0,10713.36,0,0,1441.72,0,0,207
58366.42,1346.24,30247,0,3961.58,8075.34,0,28298.55,0,11600.4,0,0,1157.17,0,0,232
53598.58,1363.95,20895,0,6007.89,7440.72,0,27643.7,0,11004.77,0,0,1087.66,0,0,303
67225.41,1673.63,23184,0,5310.48,3344.25,0,30760.31,0,11612.44,0,0,1350.72,0,0,271
70219.52,1901.34,23142,0,8182.23,2736.02,0,33485.55,0,12991.16,0,0,1440.18,0,0,297
84619.43,1280.23,30023,0,7244.93,10701.74,0,24271.24,0,12156.2,0,0,1460.34,0,0,281
92226.33,1053.92,30114,0,6146.98,8573.46,0,37854.25,0,11374.02,0,0,1342.32,0,0,314
115419.71,1858.64,31332,0,5462.52,8085.91,0,35756.98,0,12350.8,0,0,1506.82,0,0,287
95814.25,1590.05,31185,0,10282.44,7770.21,0,37127.51,0,13078.45,0,0,1122.59,0,0,269
89557.37,2229.08,29848,0,6575.31,7218.33,0,36291.01,0,11354.98,0,0,1221.01,0,0,272
102569.25,1387.96,21476,0,6415.71,3215.66,0,37928.52,0,10503.57,0,0,1194.34,0,0,248
113400,2069.13,23534,0,6403.39,2631.02,0,39675.44,0,11704.56,0,0,1223.04,0,0,278
88200,1740.9,34447,0,6477.59,9734.97,0,40983.18,0,10547.11,0,0,974.68,0,0,248
112000,1011.08,36967,0,4606.21,6434.54,0,34012.23,0,9360.96,0,0,936.39,0,0,251
103907.09,783.16,20104,0,379.82,6236.79,0,32632.25,0,3748.85,0,0,1109.15,0,0,226
102886.77,1010.31,32214,0,375.83,6207.32,0,35064.4,0,6095.6,0,0,886.13,0,0,208
144044.25,1288.35,27524,0,838.74,6311.2,0,32942.28,0,5073.04,0,0,1269.03,0,0,333
163940.07,1287.02,19936,0,1060.99,3376.45,0,35951.23,0,5785.85,0,0,1367.24,0,0,330
129237.85,1724.73,21434,0,994.49,2459.38,0,0,0,5125.54,0,0,1151.43,0,0,300
126386.75,1985.34,28959,0,703.78,9669.17,0,31461.78,0,5471.34,0,0,1117.9,0,0,299
132984.11,2187.29,19908,0,0,10155.53,0,30754.29,0,5286.33,0,0,983.78,0,0,336
126015.89,1657.46,21175,0,0,7030.73,0,30617.86,0,5301.31,0,0,1250.83,0,0,270
120122.73,1564.92,20286,0,0,6439.44,0,29772.75,0,5146.82,0,0,966.42,0,0,298
119961.8,3464.09,17129,0,0,6577.55,0,28395.5,0,5333.02,0,0,966.98,0,0,314
80188.15,1228.5,12243,0,0,5097.68,0,30535.82,0,6317.43,0,0,990.5,0,0,229
109707.08,984.97,13006,0,0,4619.02,0,31483.2,0,6175.4,0,0,1012.41,0,0,291
141932,1606.92,18697,0,0,9823.94,0,25831.75,0,5755.75,0,0,877.59,0,0,280
129223.5,1488.83,18179,0,0,7194.67,0,23735.39,0,4777.43,0,0,742.98,0,0,230
112382.13,1506.61,16800,0,0,6191.22,0,22433.39,0,5890.5,0,0,1052.1,0,0,264
132629.56,1145.13,17038,0,0,6368.67,0,22403.29,0,5342.4,0,0,809.41,0,0,270
166318.67,1337.98,17318,0,0,6145.44,0,22278.9,0,8832.39,0,0,787.64,0,0,262
99195.11,1850.38,16079,0,0,5029.71,0,23269.12,0,7481.04,0,0,850.92,0,0,266
89127.99,1851.36,14238,0,0,4593.96,0,22299.83,0,7514.15,0,0,868.07,0,0,272
79993.27,1388.45,18837,0,0,7451.5,0,0,0,8337.84,0,0,724.5,0,0,260
131193.37,2531.27,17080,0,0,8089.76,0,0,0,7712.11,0,0,771.33,0,0,242
133140.91,1993.67,17171,0,0,6374.06,0,0,0,8506.05,0,0,1006.32,0,0,308
80500,700.14,18753,0,0,6164.55,0,0,0,7730.03,0,0,848.54,0,0,243
90651.47,1077.93,16394,0,0,5823.44,0,0,0,7651.56,0,0,806.82,0,0,247
112385.49,1824.62,13594,0,0,4515.77,0,0,0,6551.72,0,0,861.84,0,0,223
109807.6,1767.01,14042,0,0,4294.22,0,0,0,6444.13,0,0,857.29,0,0,263
74512.27,724.36,22610,0,0,8464.4,0,37191.7,0,6263.74,0,0,867.93,0,0,235
70000,1514.87,16870,0,0,5988.92,0,35544.81,0,6542.48,0,0,737.03,0,0,235
71710.66,624.47,12915,0,0,0,0,32778.43,0,6529.32,0,0,761.95,0,0,214
70387.8,984.97,15918,0,0,4482.17,0,31152.77,0,7432.04,0,0,845.53,0,0,243
102515.28,809.34,20181,0,0,13512.38,0,31215.54,0,8410.64,0,0,897.61,0,0,281
94469.41,1446.9,14770,0,0,4816.98,0,32250.73,0,7044.45,0,0,918.47,0,0,240
73649.59,1169.7,14126,0,0,4759.93,0,32141.31,0,7568.05,0,0,926.52,0,0,235
92500.38,994,14665,0,0,8040.97,0,0,0,7084.21,0,0,903.07,0,0,263
79697.17,842.73,9492,0,0,5780.32,0,0,0,5668.67,0,0,853.44,0,0,258
78449.56,1010.1,16870,0,0,6139.14,0,0,0,5268.34,0,0,910.35,0,0,256
82737.13,1254.68,19887,0,0,5890.15,0,0,0,5651.31,0,0,654.85,0,0,207
89420.87,1018.92,19299,0,0,5682.53,0,0,0,4315.43,0,0,602.84,0,0,274
112673.05,1145.06,14105,0,0,4627.7,0,0,0,6364.12,0,0,645.4,0,0,243
110763.66,1934.38,16177,0,0,4372.06,0,0,0,5596.01,0,0,651.42,0,0,299
115190.32,2271.29,18732,0,0,7561.75,0,30216.3,0,7181.44,0,0,679.7,0,0,266
106455.3,1439.48,16919,0,0,6106.17,0,30017.75,0,7654.08,0,0,747.39,0,0,322
76282.5,1262.52,19873,0,0,6225.24,0,30486.55,0,7684.81,0,0,736.19,0,0,254
67182.71,2161.32,18501,0,0,6082.44,0,29272.75,0,6747.86,0,0,678.23,0,0,246
88993.17,1414.28,20104,0,0,5682.6,0,28178.43,0,5902.68,0,0,672.84,0,0,287
94586.03,1740.97,18417,0,0,4294.5,0,26211.65,0,6406.54,0,0,680.75,0,0,247
69230.21,1439.9,16835,0,0,4210.15,0,26693.6,0,5900.93,0,0,679.42,0,0,228
110343.59,1875.93,19999,0,0,8371.86,0,0,0,4823.77,0,0,635.53,0,0,241
90598.13,556.57,16849,0,0,5810.42,0,0,0,5132.47,0,0,657.44,0,0,274
118671.84,2077.6,18256,0,0,5736.43,0,0,0,4131.75,0,0,727.79,0,0,257
105845.6,1883.63,18389,0,0,5842.76,0,0,0,5463.64,0,0,608.51,0,0,236
87637.62,1498.21,18074,0,0,5183.57,0,0,0,4545.66,0,0,488.81,0,0,228
111078.52,1136.38,18655,0,0,4369.12,0,0,0,4986.38,0,0,548.87,0,0,243
105118.93,1650.32,16982,0,0,4257.47,0,0,0,5039.72,0,0,599.76,0,0,292
117284.16,2011.73,17472,0,0,7959.7,0,26990.03,0,5171.46,0,0,566.44,0,0,314
130431.84,1749.79,15134,0,0,5539.66,0,32061.75,0,5628.49,0,0,543.62,0,0,280
103600.98,952.07,19264,0,0,5080.32,0,27185.79,0,5781.37,0,0,506.8,0,0,249
52946.18,1430.59,17283,0,0,5547.71,0,26388.55,0,6914.6,0,0,469.07,0,0,226
22512.98,1321.53,12726,0,0,4704.49,0,21355.92,0,5203.17,0,0,475.02,0,0,205
74983.16,1506.4,10906,0,0,2887.08,0,17429.75,0,6170.92,0,0,531.72,0,0,222
75643.96,1380.19,12509,0,0,2213.4,0,18950.04,0,6580.42,0,0,511.07,0,0,232
103514.46,2825.97,20048,0,0,10141.11,0,19205.89,0,6567.12,0,0,507.29,0,0,268
106381.38,1825.88,22827,0,0,8384.39,0,22395.56,0,7914.34,0,0,553.84,0,0,282
94836.42,1732.92,21105,0,0,7531.16,0,19723.95,0,8606.57,0,0,617.82,0,0,217
71145.69,2598.54,23016,0,0,7955.85,0,19788.93,0,9085.37,0,0,559.79,0,0,230
102879.84,2287.46,20615,0,0,7884.8,0,17904.68,0,8076.25,0,0,582.26,0,0,239
70818.23,1178.1,21847,0,0,3048.71,0,14628.49,0,7323.96,0,0,480.55,0,0,219
90430.69,2472.4,21203,0,0,2504.04,0,16988.02,0,7668.64,0,0,489.3,0,0,254
60954.53,1555.4,22330,0,0,11636.59,0,13667.33,0,9783.9,0,0,586.46,0,0,209
114841.79,1086.96,20692,0,0,9707.53,0,13281.41,0,7626.15,0,0,511.7,0,0,282
94059.14,1330.91,22442,0,0,10209.5,0,13352.87,0,9179.31,0,0,685.79,0,0,235
116147.36,1104.25,11396,0,0,9853.69,0,13196.98,0,10306.8,0,0,621.74,0,0,260
119345.31,2128.35,21350,0,0,8133.72,0,11383.18,0,10797.43,0,0,570.22,0,0,247
120287.93,951.09,21448,0,0,2879.1,0,7061.16,0,7361.55,0,0,472.36,0,0,213
110290.04,699.3,21385,0,0,2238.67,0,6054.72,0,7312.48,0,0,440.93,0,0,235
98711.13,1481.62,22505,0,0,11964.82,0,12215.47,0,9603.3,0,0,531.58,0,0,246
56794.57,1305.43,21490,0,0,10058.86,0,11839.55,0,10303.93,0,0,515.13,0,0,267
63582.82,1506.19,21357,0,0,10153.85,0,10330.69,0,9041.48,0,0,579.81,0,0,249
74117.33,884.87,20769,0,0,9616.95,0,10852.68,0,10121.72,0,0,490.49,0,0,265
152627.37,1792.21,22379,0,0,9384.55,0,9734.5,0,8962.59,0,0,532.77,0,0,293
151570.65,1589.77,18592,0,0,2915.71,0,6495.85,0,8389.01,0,0,760.2,0,0,300
105852.11,2926.98,17948,0,0,2449.3,0,6684.05,0,11066.86,0,0,1502.62,0,0,439
133720.23,2154.11,22267,0,0,14756.77,0,0,0,10660.65,0,0,866.32,0,0,323
102655.42,1709.47,20594,0,0,15703.52,0,0,0,10085.74,0,0,679.77,0,0,302
93254.28,1649.41,17227,0,0,14951.3,0,0,0,10174.92,0,0,811.3,0,0,260
68498.5,1933.75,16240,0,0,11650.87,0,0,0,9799.58,0,0,557.55,0,0,257
113867.46,2354.59,16821,0,0,9831.64,0,0,0,8079.75,0,0,496.86,0,0,288
96152.49,1801.03,22211,0,0,2460.22,0,0,0,8323.56,0,0,451.99,0,0,287
106648.43,2321.06,22393,0,0,1994.79,0,0,0,8719.13,0,0,584.29,0,0,310
108258.85,2900.59,11697,0,0,4434.78,0,21457.54,0,10004.89,0,0,505.05,0,0,253
93639.84,3001.67,16632,0,0,5285.56,0,16509.7,0,8383.2,0,0,544.18,0,0,303
74563.02,5807.55,20090,0,0,5090.96,0,15493.98,0,8756.16,0,0,707.56,0,0,284
78725.01,1758.19,19796,0,0,5640.32,0,14757.96,0,9494.38,0,0,739.41,0,0,240
52128.23,1473.5,19628,0,0,5868.59,0,13805.19,0,8422.54,0,0,487.06,0,0,207
91695.31,1296.68,18886,0,0,3180.03,0,12187.21,0,8949.15,0,0,522.76,0,0,210
100717.12,1128.12,20860,0,0,2901.36,0,12129.91,0,10266.06,0,0,503.79,0,0,247
58167.83,2337.44,22575,0,0,8827.84,0,15172.26,0,9494.03,0,0,491.12,0,0,243
67868.99,2757.51,18067,0,0,5648.72,0,13539.76,0,7864.57,0,0,465.08,0,0,265
52082.52,1405.39,18368,0,0,5343.31,0,13112.61,0,7724.57,0,0,569.24,0,0,246
47816.09,2296.56,19852,0,0,5053.37,0,13476.16,0,9733.99,0,0,719.18,0,0,214
48303.78,1799.7,19607,0,0,5606.79,0,12570.92,0,7345.59,0,0,458.36,0,0,206
48419.91,2169.3,16492,0,0,5026,0,8163.58,0,6445.39,0,0,415.73,0,0,196
35233.03,1530.69,15708,0,0,3892.63,0,10016.53,0,5323.36,0,0,399.77,0,0,209
31285.24,1506.75,22295,0,0,7390.25,0,20991.54,0,8874.11,0,0,502.25,0,0,222
135734.34,1624.84,21434,0,0,6215.79,0,15988.13,0,8300.39,0,0,532.49,0,0,358
150576.79,3329.62,21504,0,0,6657.98,0,15707.58,0,8052.73,0,0,745.78,0,0,331
91457.24,2009.84,16772,0,0,5669.51,0,14808.36,0,7973.28,0,0,635.53,0,0,272
114613.31,2379.93,16072,0,0,5753.09,0,11681.28,0,7420,0,0,599.55,0,0,270
165393.55,1414.07,14861,0,0,3531.85,0,7778.08,0,7025.62,0,0,544.74,0,0,304
129237.29,2405.34,15631,0,0,3098.69,0,7887.02,0,7300.44,0,0,554.05,0,0,313
117754.56,1573.53,19488,0,0,9130.66,0,24680.48,0,3361.61,0,0,492.66,0,0,284
89935.16,3556.35,22274,0,0,6869.73,0,19582.88,0,1866.41,0,0,468.44,0,0,296
60945.29,2715.51,19649,0,0,6203.61,0,19209.75,0,1828.12,0,0,605.99,0,0,255
43964.9,2085.02,13755,0,0,5493.53,0,0,0,0,0,0,0,0,0,229
34104.84,1144.29,12138,0,0,4972.45,0,0,0,0,0,0,0,0,0,182
38661.21,505.82,10773,0,0,3361.75,0,0,0,0,0,0,0,0,0,162
40280.38,1009.68,13027,0,0,2886.38,0,0,0,0,0,0,0,0,0,201
29995.77,1044.12,15428,0,0,3609.76,0,0,0,0,0,0,0,0,0,199
32691.4,1884.4,21637,0,0,8539.02,0,0,0,0,0,0,0,0,0,218
49821.94,1909.81,6594,0,0,4855.97,0,0,0,0,0,0,0,0,0,290
55920.83,810.18,11753,0,0,3196.34,0,0,0,0,0,0,0,0,0,256
71078.21,1036.98,13251,0,0,3821.51,0,0,0,0,0,0,0,0,0,248
63000,641.13,10794,0,0,3159.38,0,0,0,0,0,0,0,0,0,204
59500,1717.24,15190,0,0,2768.78,0,0,0,0,0,0,0,0,0,251
62151.11,986.02,19390,0,0,5128.97,0,20532.74,0,0,0,0,0,0,0,256
63565.74,1909.67,17738,0,0,3482.71,0,14463.86,0,0,0,0,0,0,0,236
59500,1095.15,19656,0,0,3890.88,0,15413.24,0,0,0,0,0,0,0,220
61230.19,1271.06,17619,0,0,3694.81,0,13966.49,0,0,0,0,0,0,0,195
59984.75,1422.12,17150,0,0,3660.79,0,11368.96,0,0,0,0,0,0,0,227
57968.89,1580.74,14882,0,0,3211.53,0,8504.69,0,0,0,0,0,0,0,177
56707.91,834.26,15302,0,0,2765.56,0,8276.93,0,0,0,0,0,0,0,192
66720.57,960.26,17703,0,0,4637.5,0,0,0,0,0,0,0,0,0,218
60978.96,1707.09,28308,0,0,3760.05,0,0,0,0,0,0,0,0,0,211
37842.14,473.83,20972,0,0,3686.27,0,0,0,0,0,0,0,0,0,206
48799.87,2127.65,14560,0,0,3691.8,0,0,0,0,0,0,0,0,0,215
75569.48,850.92,24010,0,0,3522.12,0,0,0,0,0,0,0,0,0,192
78612.8,1228.5,22225,0,0,2930.34,0,0,0,0,0,0,0,0,0,194
59425.66,1354.64,21252,0,0,2527.07,0,0,0,0,0,0,0,0,0,201
50075.41,1699.46,21497,0,0,7157.22,0,0,0,0,0,0,0,0,0,228
64734.53,1287.86,22295,0,0,5826.31,0,0,0,0,0,0,0,0,0,203
64259.58,1867.25,19110,0,0,5659.57,0,0,0,0,0,0,0,0,0,233
91481.11,1455.3,18473,0,0,5524.75,0,0,0,0,0,0,0,0,0,253
100116.8,1548.54,20286,0,0,8311.24,0,0,0,0,0,0,0,0,0,259
89293.05,1900.22,14070,0,0,4368.14,0,0,0,0,0,0,0,0,0,226
81548.74,1707.37,13727,0,0,3985.94,0,0,0,0,0,0,0,0,0,230
114676.52,2363.41,21672,0,0,7310.59,0,0,0,0,0,0,0,0,0,406
79539.81,1480.15,14224,0,0,6034.98,0,0,0,0,0,0,0,0,0,264
150398.36,1431.29,12054,0,0,4667.81,0,0,0,0,0,0,0,0,0,330
96988.36,1523.34,17409,0,0,4498.2,0,0,0,0,0,0,0,0,0,284
124541.41,2496.9,9814,0,0,4517.03,0,0,0,0,0,0,0,0,0,229
141410.64,1152.83,9765,0,0,4420.85,0,0,0,0,0,0,0,0,0,245
100786.84,891.8,13776,0,0,4561.2,0,0,0,0,0,0,0,0,0,233
84231.35,774.41,17374,0,0,5111.26,0,0,0,0,0,0,0,0,0,180
52831.03,724.01,15148,0,0,4514.58,0,0,0,0,0,0,0,0,0,184
70186.2,1632.12,18291,0,0,4746.07,0,0,0,0,0,0,0,0,0,463
92956.57,791.98,18032,0,0,4735.85,0,0,0,0,0,0,0,0,0,282
71103.97,1456.35,20804,0,0,4651.43,0,0,0,0,0,0,0,0,0,267
60162.27,825.72,15351,0,0,4887.19,0,0,0,0,0,0,0,0,0,213
77752.71,1574.65,14371,0,0,4464.95,0,0,0,0,0,0,0,0,0,271
97705.37,1220.45,19642,0,0,4946.55,0,0,0,0,0,0,0,0,0,312
94121.86,1489.39,19677,0,0,4632.39,0,0,0,0,0,0,0,0,0,337
121335.76,1070.37,20118,0,0,4695.04,0,0,0,0,0,0,0,0,0,319
131197.36,1557.22,14021,0,0,4841.2,0,0,0,0,0,0,0,0,0,313
228909.38,1247.33,10675,0,0,4765.53,0,0,0,0,0,0,0,0,0,439
200308.29,1783.67,8743,0,0,4614.96,0,0,0,0,0,0,0,0,0,379
176256.64,1960.98,9968,0,0,4401.81,0,0,0,0,0,0,0,0,0,370
121667.14,1632.96,15365,0,0,5720.19,0,0,0,0,0,0,0,0,0,350
174263.6,851.2,16835,0,0,5313.35,0,0,0,0,0,0,0,0,0,367
135579.64,1750.7,18088,0,0,5419.47,0,0,0,0,0,0,0,0,0,383
143575.81,885.29,19677,0,0,5309.85,0,0,0,0,0,0,0,0,0,339
127586.76,2212.14,17990,0,0,4472.86,0,0,0,0,0,0,0,0,0,331
83054.58,2539.32,11641,0,0,2249.66,0,0,0,0,0,0,0,0,0,249
87347.4,2430.82,11830,0,0,4040.05,0,0,0,0,0,0,0,0,0,310
110105.1,1381.1,17178,0,0,3998.82,0,0,0,0,0,0,0,0,0,320
123341.19,3716.09,19334,0,0,0,0,0,0,0,0,0,0,0,0,375
103265.54,2733.15,19390,0,0,0,0,0,0,0,0,0,0,0,0,321
98046.27,2397.43,17311,0,0,0,0,0,0,0,0,0,0,0,0,339
100466.59,859.39,20489,0,0,0,0,0,0,0,0,0,0,0,0,323
99176.98,2009.21,14287,0,0,0,0,0,0,0,0,0,0,0,0,292
81621.96,1858.36,16716,0,0,0,0,0,0,0,0,0,0,0,0,290
87709.16,2093.91,9863,0,0,0,0,0,0,0,0,0,0,0,0,292